{
    "en": {
        "hiThere": "Hi there! Nice to see you",
        "iAgreeToThe": "I agree to the",
        "and": "and",
        "termOfService": "Terms of Services",
        "privacyPolicy": "Privacy Policy",
        "login": "login",
        "register": "register",
        "nextStep": "Next step",
        "alreadyHaveAnAccount": "Already have an account?",
        "emailAddress": "email address",
        "yourPassword": "Your Password",
        "or": "OR",
        "signInWithApple": "SIGN IN WITH APPLE",
        "forgetThePassword?": "forget the password?",
        "registerNewAccount": "register new account",
        "yourEmailAddress": "Your Email Address",
        "welcomeToOurLearningPlatform": "Welcome to our learning platform",
        "home": "Home",
        "quizzes": "Quizzes",
        "learn": "Learn",
        "resources": "Resources",
        "courses": "Courses",
        "getInTouch": "Get In Touch",
        "privacyPloicy": "Privacy Policy",
        "logout": "Logout",
        "englishTest": "English Test",
        "collocationQuiz": "Collocation quiz",
        "vocabularyQuiz": "Vocabulary quiz",
        "jobFieldEnglish": "Job Field English",
        "learningContent": "Learning Content",
        "learningResources": "Learning Resources",
        "successfullyDownloaded": "Successfuly downloaded",
        "permissionDenied": "Permission Denied!",
        "youNeedToGiveStoragePer": "You need to give storage permission to download the file",
        "recordingAndBroadCastingCourses": "Recording and Broadcasting Courses",
        "10HighQualityVideos": "10 high-quality videos",
        "AfterSchoolQuizzes": "After-school quizzes and exercises",
        "curriculumSupportGroup": "Curriculum Support Group",
        "courseTuition": "Course tuition",
        "ThankyouAllForYourSupport": "Thank you all for your support",
        "dueToTheLargeNumber": "Due to the large number of applicants",
        "coursesAreCurrentluFull": "Courses are currently full",
        "reservedPlaces": "Reserved places",
        "contactUs": "contact us",
        "whatsOnYourMind": "WHAT'S ON YOUR MIND?",
        "weAreAlwaysWorkingHard": "We are always working hard to find ways to optimize our mobile apps. If you have any ideas that can improve your experience, please let us know",
        "send": "Send",
        "question": "Question",
        "next": "Next",
        "yourPoints": "Your points",
        "shareYourScore": "Share your score with your friends",
        "retry": "Retry",
        "contactInfo": "Contact information",
        "submitRegistration": "Submit registration",
        "yourWeChat": "Your WeChat",
        "accountNumber": "account number",
        "pleaseEnterYourMob": "Please Enter your mobile number",
        "thankyouWeWillContact": "Thank you! We will contact you shortly!"
    },
    "hk": {
        "hiThere": "你好，很高興見到你。",
        "iAgreeToThe": "我同意",
        "and": "和",
        "termOfService": "合約條款",
        "privacyPolicy": "隱私政策",
        "login": "登入",
        "register": "注册",
        "nextStep": "下一步",
        "alreadyHaveAnAccount": "已經有賬號？",
        "emailAddress": "電郵地址",
        "yourPassword": "你的密碼",
        "or": "或",
        "signInWithApple": "使用Apple登入",
        "forgetThePassword?": "忘記密碼？",
        "registerNewAccount": "註冊賬號",
        "yourEmailAddress": "你的電郵地址",
        "welcomeToOurLearningPlatform": "歡迎您來到我們學習平台",
        "home": "主頁",
        "quizzes": "水平測試",
        "learn": "學習",
        "resources": "資源",
        "courses": "課程",
        "getInTouch": "聯絡我們",
        "privacyPloicy": "隱私政策",
        "logout": "登出",
        "englishTest": "英文測試",
        "collocationQuiz": "搭配字詞測試",
        "vocabularyQuiz": "詞彙測試",
        "jobFieldEnglish": "職場英語",
        "learningContent": "學習內容",
        "learningResources": "學習資源",
        "successfullyDownloaded": "已被成功下載",
        "permissionDenied": "未獲得許可",
        "youNeedToGiveStoragePer": "您需要授予存儲權限才能下載文件",
        "recordingAndBroadCastingCourses": "錄播課程",
        "10HighQualityVideos": "10段高質量影片",
        "AfterSchoolQuizzes": "課後測驗和練習",
        "curriculumSupportGroup": "課程支援小組",
        "courseTuition": "課程學費",
        "ThankyouAllForYourSupport": "謝謝大家支持",
        "dueToTheLargeNumber": "由於報名人數眾多",
        "coursesAreCurrentluFull": "課程目前名額已滿",
        "reservedPlaces": "預留名額",
        "contactUs": "聯絡我們",
        "whatsOnYourMind": "你有什麼想法呢？",
        "weAreAlwaysWorkingHard": "我們一直致力找方法優化我們的手機程式，\n如果你有任何想法覺得可以改善你的使用經驗，請告訴我們。",
        "send": "發出",
        "question": "問題",
        "next": "下一題",
        "yourPoints": "你的分數",
        "shareYourScore": "跟朋友分享你的分數吧！",
        "retry": "重試",
        "contactInfo": "聯絡資料",
        "submitRegistration": "遞交報名",
        "yourWeChat": "你的微信",
        "accountNumber": "賬號",
        "pleaseEnterYourMob": "請輸入你的手機號碼",
        "thankyouWeWillContact": "謝謝！我們將會聯絡你！"
    },
    "cn": {
        "hiThere": "你好，很高兴见到你。",
        "iAgreeToThe": "我同意",
        "and": "和",
        "termOfService": "合约条款",
        "privacyPolicy": "隐私政策",
        "login": "登入",
        "register": "注册",
        "nextStep": "下一步",
        "alreadyHaveAnAccount": "已经有账号？",
        "emailAddress": "电邮地址",
        "yourPassword": "你的密码",
        "or": "或",
        "signInWithApple": "使用Apple登入",
        "forgetThePassword?": "忘记密码？",
        "registerNewAccount": "注册账号",
        "yourEmailAddress": "你的电邮地址",
        "welcomeToOurLearningPlatform": "欢迎您来到我们学习平台",
        "home": "主页",
        "quizzes": "水平测试",
        "learn": "学习",
        "resources": "资源",
        "courses": "课程",
        "getInTouch": "联络我们",
        "privacyPloicy": "隐私政策",
        "logout": "登出",
        "englishTest": "英文测试",
        "collocationQuiz": "搭配字词测试",
        "vocabularyQuiz": "词汇测试",
        "jobFieldEnglish": "职场英语",
        "learningContent": "学习内容",
        "learningResources": "学习资源",
        "successfullyDownloaded": "已被成功下载",
        "permissionDenied": "未获得许可",
        "youNeedToGiveStoragePer": "您需要授予存储权限才能下载文件",
        "recordingAndBroadCastingCourses": "录播课程",
        "10HighQualityVideos": "10段高质量影片",
        "AfterSchoolQuizzes": "课后测验和练习",
        "curriculumSupportGroup": "课程支援小组",
        "courseTuition": "课程学费",
        "ThankyouAllForYourSupport": "谢谢大家支持",
        "dueToTheLargeNumber": "由于报名人数众多",
        "coursesAreCurrentluFull": "课程目前名额已满",
        "reservedPlaces": "预留名额",
        "contactUs": "联络我们",
        "whatsOnYourMind": "你有什么想法呢？",
        "weAreAlwaysWorkingHard": "我们一直致力找方法优化我们的手机程式，\n如果你有任何想法觉得可以改善你的使用经验，请告诉我们。",
        "send": "发出",
        "question": "问题",
        "next": "下一题",
        "yourPoints": "你的分数",
        "shareYourScore": "跟朋友分享你的分数吧！",
        "retry": "重试",
        "contactInfo": "联络资料",
        "submitRegistration": "递交报名",
        "yourWeChat": "你的微信",
        "accountNumber": "账号",
        "pleaseEnterYourMob": "请输入你的手机号码",
        "thankyouWeWillContact": "谢谢！我们将会联络你！"
    }
}